{
    "train_csv": "data/training_data_parsed_feb_march.csv",
    "epochs": 1,
    "runtime_seconds": 79.64305305480957,
    "train_loss": 0.11830002883498071,
    "val_loss": 0.001900724833831191,
    "max_ram_bytes": 33554432,
    "max_vram_bytes": null,
    "time_start": null,
    "time_end": null
}