{
    "train_csv": "data/training_data_parsed_feb_march.csv",
    "epochs": 1,
    "runtime_seconds": 23.897512674331665,
    "train_loss": 0.11552910522473624,
    "val_loss": 0.001704104244709015,
    "max_ram_bytes": null,
    "max_vram_bytes": 134217728,
    "time_start": null,
    "time_end": null
}