{
    "train_csv": "data/training_data_parsed_feb_march.csv",
    "epochs": 1,
    "runtime_seconds": 84.67831826210022,
    "train_loss": 0.11390337638513513,
    "val_loss": 0.0008616712875664234,
    "max_ram_bytes": 33554432,
    "max_vram_bytes": null,
    "time_start": null,
    "time_end": null
}