{
    "train_csv": "data/training_data_parsed_feb_march.csv",
    "epochs": 1,
    "runtime_seconds": 33.868295192718506,
    "train_loss": 0.11749845982662269,
    "val_loss": 0.0018517826683819294,
    "max_ram_bytes": 134217728,
    "max_vram_bytes": null,
    "time_start": null,
    "time_end": null
}