{
    "train_csv": "data/training_data_parsed_feb_march.csv",
    "epochs": 1,
    "runtime_seconds": 84.97388696670532,
    "train_loss": 0.12112893936096666,
    "val_loss": 0.0021045999601483345,
    "max_ram_bytes": 33554432,
    "max_vram_bytes": null,
    "time_start": null,
    "time_end": null
}