{
    "train_csv": "data/training_data_parsed_feb_april.csv",
    "epochs": 1,
    "runtime_seconds": 49.610636949539185,
    "train_loss": 0.1011410264422062,
    "val_loss": 0.011306414380669594,
    "max_ram_bytes": null,
    "max_vram_bytes": 134217728,
    "time_start": null,
    "time_end": null
}