{
    "train_csv": "data/training_data_parsed_feb_march.csv",
    "epochs": 1,
    "runtime_seconds": 24.23372173309326,
    "train_loss": 0.11646398224490465,
    "val_loss": 0.0019714271184056997,
    "max_ram_bytes": null,
    "max_vram_bytes": 134217728,
    "time_start": null,
    "time_end": null
}