{
    "train_csv": "data/training_data_parsed_feb_april.csv",
    "epochs": 1,
    "runtime_seconds": 53.238279819488525,
    "train_loss": 0.10118674678024608,
    "val_loss": 0.009851868264377117,
    "max_ram_bytes": null,
    "max_vram_bytes": 134217728,
    "time_start": null,
    "time_end": null
}