{
    "train_csv": "data/training_data_parsed_feb_april.csv",
    "epochs": 1,
    "runtime_seconds": 78.09996485710144,
    "train_loss": 0.10060012896668974,
    "val_loss": 0.01016683503985405,
    "max_ram_bytes": 134217728,
    "max_vram_bytes": null,
    "time_start": null,
    "time_end": null
}