{
    "train_csv": "data/training_data_parsed_feb_april.csv",
    "epochs": 1,
    "runtime_seconds": 73.05849695205688,
    "train_loss": 0.10123841592429818,
    "val_loss": 0.00997027289122343,
    "max_ram_bytes": 134217728,
    "max_vram_bytes": null,
    "time_start": null,
    "time_end": null
}