{
    "train_csv": "data/training_data_parsed_july_september.csv",
    "epochs": 1,
    "runtime_seconds": 24.776713609695435,
    "train_loss": 0.11081806940718834,
    "val_loss": 0.008690479211509228,
    "max_ram_bytes": null,
    "max_vram_bytes": 134217728,
    "time_start": null,
    "time_end": null
}