{
    "train_csv": "data/training_data_parsed_july_august.csv",
    "epochs": 1,
    "runtime_seconds": 25.680946350097656,
    "train_loss": 0.10263052336079873,
    "val_loss": 0.004526079632341862,
    "max_ram_bytes": null,
    "max_vram_bytes": 134217728,
    "time_start": null,
    "time_end": null
}