{
    "train_csv": "data/training_data_parsed_july_august.csv",
    "epochs": 1,
    "runtime_seconds": 33.439152002334595,
    "train_loss": 0.09639325005710328,
    "val_loss": 0.006131740752607584,
    "max_ram_bytes": 134217728,
    "max_vram_bytes": null,
    "time_start": null,
    "time_end": null
}